dorthe9s,Dorthea,Robardley
selapa1q,Sela,Pawfoot
rebebr6c,Rebe,Bryning
dedesp6t,Dede,Spacie
courtn6n,Courtnay,Maso
terese6d,Terese,Cale
mychal4o,Mychal,Neeves
nedism9t,Nedi,Smith
ansell5d,Ansell,Craft
feehed1i,Fee,Hedditeh
keenne6o,Keen,Neath
tiffan2b,Tiffany,Akester
karlen6n,Karlen,Manshaw
sherlo8h,Sherlocke,Graeme
marvin1a,Marvin,Zane
margea1q,Margeaux,Paige
ferris3s,Ferris,Raubheim
marcel9g,Marcelia,Friett
elfiec6d,Elfie,Chable
rhonda3n,Rhonda,McFarlane
tatest1t,Tate,Stronge
jozefh7i,Jozef,Harmon
merily1n,Merilyn,Mallard
jomacn1n,Jo,MacNeil
lawryl5m,Lawry,Lewisham
