HS1 6AF,243818
HS6 8YP,201117
HS9 9OJ,196853
HS4 4FP,109778
HS2 4PW,128913
HS7 5CC,198443
HS8 3AZ,159346
HS7 8UA,174554
HS0 2CB,76376
HS8 9OI,167724
HS6 6IL,96211
HS7 8GZ,99563
HS3 4EC,187746
HS9 1JY,215272
HS0 7RV,213711
HS5 8FT,182532
HS3 7SU,238765
HS5 2OI,86879
HS0 0SH,96359
HS7 6LD,207848
HS2 1IC,137750
HS4 1NK,233498
HS2 6FH,151373
HS3 8EL,207245
HS1 8VV,112459
HS7 5DK,154118
HS8 0QH,158718
HS8 6WE,91599
HS7 0JK,80548
HS2 6NV,203117
HS5 6WI,189782
HS6 6KG,205746
HS2 7FE,223131
HS9 2GM,240202
HS6 7DS,248105
HS6 1MF,180197
HS1 7FW,109771
HS2 8WX,104596
HS8 5KW,108963
HS1 0AH,218406
HS7 0MD,134158
HS2 8XN,166967
HS2 6DA,231639
HS2 1RT,121660
HS4 5JG,248818
HS7 4YP,167226
HS7 2LC,105260
HS3 8GF,84368
HS5 7ZS,105345
HS2 0CA,187852
HS9 0GI,101163
HS4 0PG,187730
HS3 6MD,243599
HS3 0AC,225187
HS9 5IN,122141
HS1 4DS,208495
HS3 5FX,149419
HS2 2BM,193621
HS7 6NW,92504
HS5 8UA,140638
HS4 6NT,177696
HS9 1RA,101338
HS4 1XE,196022
HS8 4ES,133080
HS4 0VN,95620
HS4 6DZ,141319
HS7 0DN,204481
HS7 6MH,171129
HS5 7IA,235777
HS9 1SX,243858
HS6 1SJ,155416
HS2 9EI,244065
HS3 4BY,120329
HS9 4QM,191259
HS0 9ST,204214
HS9 1KG,182120
HS0 5RA,158977
HS9 8CK,191565
HS7 7YH,109875
HS0 0LA,102592
HS5 9IM,87610
HS8 5HG,173332
HS9 6SA,167688
HS5 3FU,244102
HS5 7AI,144543
HS3 0NU,236440
HS0 2AR,123173
HS6 0SU,123671
HS4 8PM,152209
HS6 9SA,185225
HS0 7ES,128719
HS7 9DC,164174
HS0 4OA,103373
HS5 3GQ,182434
HS5 4CE,105748
HS5 8NT,89909
HS7 9HN,120970
HS0 1KF,77976
HS2 4AP,188200
HS2 8QZ,105267
HS7 3JM,186720
HS4 3GN,203456
HS7 0XJ,165141
HS0 8BO,146291
HS8 4NR,179220
HS7 9AU,109755
HS6 9TK,154721
HS4 1DH,135012
HS7 0AB,131703
HS5 3EC,246170
HS7 0RN,176328
HS8 3ZC,179837
HS2 1TQ,152371
HS9 2QF,113969
HS9 4TO,223475
HS3 1FG,226011
HS2 0YD,127560
HS1 7HH,197821
HS9 0IJ,173775
HS0 2ME,86825
HS9 6IK,241507
HS5 6HN,191178
HS0 6NB,205599
HS7 1UZ,175860
HS2 0EY,205424
HS2 7RE,133293
HS1 7UC,79646
HS3 7PW,245210
HS4 0PO,210821
HS9 6AN,153752
HS0 8LS,201025
HS5 8MV,164029
HS9 2RD,121779
HS2 5MY,192567
HS0 7QH,177574
HS2 6EE,131105
HS6 8RX,158836
HS7 8AY,237685
HS7 8PI,234307
HS2 9LZ,148243
HS5 7CG,91511
HS0 2EM,227489
HS6 9LN,228472
HS4 7LR,118449
HS7 2UP,156162
HS2 9DD,110813
HS2 5JP,154210
HS0 1UR,91135
HS0 6IT,103008
HS2 4QN,219269
HS1 0JL,79162
HS8 4UG,105693
HS4 7WT,139988
HS6 1GY,92650
HS3 4YW,233485
HS7 4FF,177921
HS2 4IY,223992
HS6 2OQ,159671
HS4 6UO,83928
HS6 5OO,236435
HS1 8CA,86004
HS3 7BY,107059
HS6 8UY,249346
HS1 6ID,162211
HS3 0WF,146580
HS8 4MB,79494
HS6 3JZ,105726
HS0 0RG,97247
HS3 6FR,127014
HS6 4DV,163592
HS0 4HH,189140
HS6 7BH,199954
HS2 3HZ,229104
HS1 0HX,240517
HS6 9MU,115075
HS1 5CZ,229973
HS6 7UH,141344
HS8 5SR,116088
HS7 7CO,155304
HS5 0LS,103543
HS8 9FG,158163
HS8 8WW,137983
HS9 6HI,117141
HS1 4RI,79869
HS9 5BX,165984
HS8 2PF,151049
HS1 2HU,240087
HS1 7VY,82436
HS0 4ZT,148462
HS2 8BS,84038
HS0 2YS,181848
HS8 8BQ,170401
HS4 0QI,124775
HS1 9ES,203696
HS7 1PB,230899
HS1 5EV,199360
HS5 0KR,200050
HS7 9WW,142335
HS9 5SP,124710
HS3 5NM,206612
HS8 4JM,99973
HS7 1ND,199669
HS1 7ZX,96653
HS5 7SS,78446
HS9 8NW,167834
HS5 0GO,222029
HS0 9ZR,97625
HS1 9JB,232941
HS4 7HI,84942
HS5 0DA,219160
HS7 7TI,214109
HS2 5GX,124373
HS7 3SZ,157174
HS0 6GZ,89460
HS2 1RQ,206964
HS6 9AI,200898
HS6 5RS,78480
HS9 3DK,151481
HS3 2RO,133796
HS0 3CS,79968
HS3 9GJ,182486
HS9 8ZN,212912
HS3 6SG,132388
HS2 7GS,92430
HS5 4PK,168687
HS1 0QV,84597
HS7 9GF,142850
HS3 3BK,102981
HS7 0TP,134487
HS0 4TE,237373
HS8 6KF,142189
HS5 9QA,158642
HS9 2AQ,157765
HS8 0YX,114111
HS2 2ME,185713
HS0 6OU,168547
HS6 0NG,129712
HS9 6AP,83804
HS0 6VL,224949
HS9 1JO,121537
HS5 7IL,91500
HS1 3KT,129407
HS5 5SU,126605
HS1 4BW,239055
HS7 8CS,182153
HS4 6HG,168718
HS0 2EA,228910
HS6 8ZP,108739
HS3 3JX,111827
HS9 6UM,132391
HS4 1GF,95723
HS6 7CY,162441
HS8 0MU,136582
HS9 3AE,160580
HS5 5PJ,117280
HS5 5MP,77889
HS3 0ND,119774
HS9 9JO,104228
HS9 3AW,94208
HS1 3XY,115194
HS9 5UM,83061
HS0 1CL,138831
HS2 6PS,181247
HS7 8NY,224075
HS7 2KV,217977
HS1 0DH,162761
HS5 6CP,187339
HS2 6QX,81442
HS8 4RG,86328
HS4 3QH,199009
HS3 3OY,80305
HS1 0RX,96586
HS4 9LJ,120436
HS1 8AZ,139078
HS6 8VJ,118787
HS6 4YD,132618
HS5 8PR,234110
HS8 3HG,129009
HS1 5RM,132412
HS6 8HN,172712
HS0 3YO,78482
HS4 3UT,165587
HS7 9RY,141094
HS6 9RX,92285
HS8 8SO,122162
HS5 8KH,157402
HS0 8PR,121387
HS0 1IR,131561
HS2 8RX,105157
HS6 1EF,184032
HS9 4WJ,122359
HS2 2HY,75820
HS9 3WH,103704
HS9 2OZ,115706
HS8 6QJ,101970
HS8 4YM,148078
HS3 4MI,141373
HS7 2BH,208103
HS7 4WE,227799
HS0 4QD,183651
HS4 5RB,163347
HS4 2AW,243849
HS1 4BZ,75875
HS6 2SN,205081
HS9 5CG,94069
HS2 6BO,103847
HS3 5XO,195378
HS6 8UI,148390
HS5 8OJ,96618
HS2 9QP,239234
HS0 3UP,222146
HS2 5DQ,106939
HS8 0AR,105072
HS2 9NB,184527
HS9 6ZX,206158
HS5 9XF,136046
HS2 7JV,138239
HS7 7SW,162607
HS7 3BK,220633
HS8 1SY,87352
HS2 0WM,103677
HS0 5QD,83705
HS0 1JU,198287
HS0 2XM,243196
HS8 4EB,138353
HS9 1IB,234309
HS9 3DE,224809
HS6 6GO,89369
HS3 2RI,92876
HS1 6CU,238886
HS6 3JR,135334
HS8 1FR,247509
HS2 2TE,100107
HS6 0XD,195219
HS9 2DQ,185067
HS1 7MC,163491
HS4 1UT,135577
HS1 8VY,79020
HS9 9HU,235938
HS1 5IV,80606
HS2 5AK,137413
HS8 7SI,188534
HS2 3OM,229221
HS5 6VX,196214
HS8 5SQ,105945
HS8 7AG,193459
HS4 0QC,239629
HS6 8IG,150982
HS5 3MX,230704
HS8 7VJ,213126
HS2 4FQ,198152
HS5 5PC,91521
HS3 4MY,146963
HS3 3UB,165504
HS8 6OC,91274
HS9 4PW,130858
HS0 0BJ,122942
HS9 5VB,235819
HS9 0XQ,120632
HS9 4JR,112891
HS0 9AX,103378
HS6 3NL,81081
HS7 3TK,97048
HS2 8EP,178623
HS1 6TK,174026
HS9 1ZM,226247
HS8 8WN,173412
HS8 2BH,222925
HS0 4FJ,181741
HS0 8SA,206745
HS6 5WI,214022
HS1 8QB,162658
HS7 7EM,134704
HS7 1NC,216170
HS5 9VR,246160
HS1 2HV,222582
HS5 9YZ,158129
HS7 9WU,201403
HS6 7LR,121201
HS6 8NI,172256
HS1 3RI,120541
HS7 8RU,244333
HS2 1OF,141955
HS7 8IC,206305
HS6 7FO,133719
HS4 1JG,88767
HS8 5ZM,144731
HS5 4IC,86323
HS6 1BN,109066
HS2 5VM,144634
HS2 4ME,89850
HS8 4HL,192738
HS4 4BX,242165
HS3 9HA,156298
HS9 7CG,132862
HS8 8EH,247351
HS6 5GK,102061
HS5 8LC,93535
HS5 4LN,195114
HS8 9GM,248971
HS3 6MA,241263
HS9 0FF,214453
HS4 0CZ,167048
HS0 9FS,153179
HS6 9NW,191565
HS2 6RN,95963
HS7 2TV,200182
HS7 5MA,161293
HS3 8EM,155845
HS0 6MN,164558
HS2 5LC,244836
HS6 6DD,136981
HS5 3WV,230234
HS8 7XV,242977
HS9 4HE,143455
HS9 5FD,201944
HS2 4VG,125158
HS1 8YF,198406
HS1 1UD,170527
HS3 3BK,176346
HS3 4UI,161703
HS1 0KQ,182559
HS9 0BV,165030
HS7 4MA,163628
HS8 6YH,93195
HS9 1ZK,205169
HS7 1DP,94132
HS8 5XH,130425
HS5 6CY,241909
HS0 4AL,116038
HS4 0BO,123173
HS7 3OY,102733
HS6 6TJ,183353
HS6 1OW,142045
HS5 5CP,86069
HS0 5DT,220183
HS2 6EX,226839
HS4 7XX,141676
HS1 5UK,116307
HS5 5CK,101807
HS7 7IZ,80961
HS8 0VK,151813
HS2 0MW,97731
HS8 6IC,219397
HS7 1VS,105094
HS6 8LB,177617
HS0 3AV,222971
HS4 4LI,76632
HS4 5SI,105841
HS6 6RJ,169694
HS1 6KW,76622
HS8 6SQ,207476
HS1 2UE,88262
HS9 3KQ,231387
HS2 1ZT,153910
HS7 2XT,144269
HS3 5AR,214940
HS3 8GO,139278
HS6 2LW,195845
HS8 3OZ,169272
HS0 6QC,75531
HS0 3GI,197488
HS1 6TJ,152919
HS5 5PJ,241904
HS9 4LY,158973
HS6 4OF,85750
HS3 6LO,246169
HS9 5WG,163133
HS8 0UA,137456
HS5 2VX,139715
HS1 0EZ,184109
HS7 1EI,205588
HS9 0EW,212485
HS8 9AC,227990
HS8 1PF,87005
HS7 0XX,95331
HS7 9AK,135661
HS3 0UG,200192
HS1 6EO,104937
HS1 2PL,241251
HS9 6NA,159540
HS8 5WQ,171910
HS0 5WV,187952
HS5 4XE,103514
HS2 9IT,84984
HS7 9SU,179564
HS5 7AL,217979
HS4 3TG,120116
HS2 0AK,133647
HS6 0MD,129568
HS5 9JS,91953
HS4 1RB,75114
HS9 0GC,237073
HS7 4ZS,92403
HS9 4TM,117533
HS1 1WU,107248
HS8 7KQ,171611
HS6 4JA,237294
HS0 0AN,235774
HS2 5EY,109586
HS6 6HO,229853
HS7 8CZ,207198
HS2 8XM,222671
HS1 4RQ,223646
HS7 1RK,121098
HS1 0BN,217106
HS0 7XC,159984
HS0 0OJ,170616
HS2 3BN,188905
HS7 0ZK,123661
HS4 9CL,173128
HS1 0WH,216642
HS5 4ON,241321
HS8 4KP,210513
HS3 3MC,83316
HS0 1QR,149029
HS0 6EW,119660
HS2 0HP,211050
HS3 5HR,182198
HS4 3NL,138807
HS4 6LH,215134
HS2 7QC,171802
HS8 7KW,101045
HS1 2EP,128317
HS8 6TM,181583
HS8 8OQ,185253
HS0 4EP,132300
HS8 5WB,99896
HS8 6VP,80934
HS0 5FC,110992
HS2 9LJ,243289
HS3 8SF,161461
HS3 3NF,209226
HS7 6SM,212702
HS8 6WI,97949
HS9 6BH,245541
HS3 1BH,106524
HS5 5TN,210444
HS3 4OQ,171723
HS8 1AS,221364
HS9 2UQ,168780
HS3 5UG,116095
HS5 8AL,101922
HS5 5IO,143565
HS1 9FW,204842
HS3 0ZN,199711
HS9 3AI,93867
HS7 3KN,208537
HS9 5JW,114875
HS5 3NZ,235869
HS0 1ES,131305
HS7 5IZ,96882
HS0 9BM,101883
HS3 8HF,208901
HS6 1XH,180192
HS7 9TR,86492
HS6 2GE,92211
HS9 3TU,249369
HS1 5EF,85627
HS2 6IO,102473
HS1 9OY,175088
HS1 8GK,164938
HS1 4WS,108596
HS4 8FY,116108
HS9 0RJ,101139
HS9 9JH,224760
HS7 5OV,113577
HS7 4RW,80874
HS9 4JD,135075
HS8 7WB,194001
HS6 5KB,227522
HS8 0JI,244674
HS5 9XF,113433
HS2 3FX,181840
HS1 2XP,114554
HS5 2QM,231702
HS6 0VT,146512
HS9 7PJ,232223
HS8 0LR,222529
HS8 7TR,227528
HS6 3ZO,205398
HS1 7DG,133752
HS1 0AD,77066
HS8 7XW,140849
HS0 8AI,214730
HS9 9XG,94794
HS8 2PZ,105203
HS1 1EY,246417
HS3 9JP,228897
HS1 1FX,92226
HS8 5CX,242595
HS9 3HK,192540
HS8 9YM,197093
HS2 0YD,154468
HS5 7BS,214709
HS3 8OQ,238087
HS8 1WR,109033
HS1 6GT,143152
HS4 1NQ,123411
HS5 2ZW,223022
HS5 9KC,178016
HS0 1AP,75760
HS4 3WY,122394
HS5 9CW,200643
HS5 0IG,160474
HS1 8BR,132132
HS3 4EM,137136
HS9 5JU,123363
HS5 0UP,168544
HS6 9ZH,135527
HS2 3VY,173780
HS9 1SR,188541
HS0 6MS,178042
HS9 5BS,98620
HS6 7AL,186017
HS4 5CW,94674
HS8 1OO,206589
HS0 6HV,182774
HS7 6DA,120743
HS9 9PV,75713
HS7 2CA,84337
HS8 9IM,104103
HS6 8TF,85410
HS1 0XH,132413
HS1 7UW,147539
HS7 5WL,99575
HS5 4HI,178300
HS5 6SE,201925
HS6 8DT,106872
HS6 9MG,248313
HS8 7KU,229018
HS9 5XH,134853
HS1 1CV,181953
HS6 2FU,166091
HS8 2PG,88743
HS3 4FF,116529
HS7 1RE,143265
HS9 5MH,203686
HS0 8XT,178367
HS2 9HR,242324
HS6 6RP,225970
HS5 1YI,184048
HS7 5ZS,104502
HS0 8YC,242224
HS7 7JQ,125447
HS7 9XB,218814
HS9 1YL,109609
HS0 9GG,127182
HS5 0BW,226065
HS4 6YH,131067
HS9 8JX,126004
HS8 6KL,234057
HS4 6SL,247007
HS7 8ZD,90957
HS9 5IQ,170120
HS3 7YJ,96615
HS8 1IX,160218
HS8 9OT,88213
HS6 1DF,98170
HS4 8GY,233882
HS0 2XS,130399
HS7 2HV,133383
HS4 5KR,171787
HS0 8TC,146662
HS5 5IS,90165
HS1 2YZ,238949
HS4 8IW,89861
HS2 5UD,129913
HS3 1MY,164290
HS1 5FZ,124851
HS6 6DX,219756
HS4 7KU,147519
HS6 4RK,123945
HS1 8PC,211208
HS0 7MJ,199852
HS2 0FI,169749
HS4 5EW,115760
HS8 5PX,183155
HS5 6GA,101727
HS1 4GJ,188628
HS8 2MW,235427
HS9 9ZN,227069
HS9 1ZK,181501
HS8 3AI,182680
HS8 2PI,242392
HS5 8MQ,115068
HS7 0YL,213052
HS0 9GK,172227
HS8 4OP,188403
HS6 9SI,159596
HS5 8PH,227321
HS1 0KD,95311
HS1 4OM,130560
HS8 5TD,222775
HS8 5KJ,225884
HS2 7YS,161153
HS4 7MB,220542
HS4 5XF,225371
HS6 6HX,165855
HS5 6QN,168355
HS3 1JI,135942
HS6 5PF,118898
HS8 3DS,78485
HS2 6EF,233012
HS2 0FP,131423
HS1 4UJ,157015
HS1 3ZR,185403
HS7 5LO,237783
HS6 6IX,94835
HS5 7NY,225790
HS4 2GB,158511
HS1 5OO,135882
HS1 8KW,176994
HS9 9ZZ,186028
HS4 9HO,148931
HS5 2XC,230957
HS7 1FE,82764
HS9 7GO,141084
HS4 7FJ,226544
HS9 3FN,182862
HS4 9DL,131929
HS8 9XZ,147772
HS8 0LR,211269
HS1 5EL,201633
HS4 7YJ,88043
HS5 4PM,158735
HS1 3WP,237716
HS0 4MC,133268
HS8 3EQ,92309
HS6 4YG,180365
HS4 9YK,175422
HS6 9UX,186524
HS9 6KO,113098
HS2 0JK,219138
HS7 1II,107314
HS7 3UN,125959
HS9 7SH,233099
HS5 8MK,183746
HS5 1LH,89854
HS6 4KY,89721
HS3 9VT,196462
HS2 5UV,227988
HS5 7DY,86645
HS9 9PL,129878
HS3 0LP,190117
HS6 8IO,128847
HS8 6XQ,195080
HS5 8CM,187595
HS4 6WE,147910
HS9 0PH,197485
HS5 9XQ,77929
HS3 1AM,199813
HS1 7FP,141828
HS8 9AS,104013
HS4 8SJ,111490
HS6 0CH,80182
HS7 1XE,144618
HS6 5AI,153670
HS9 8EH,218090
HS7 3RK,214240
HS1 0AZ,209977
HS1 8PM,113921
HS7 0GP,190490
HS7 6IJ,126571
HS9 0UG,79457
HS3 9XM,241983
HS9 7PY,94139
HS3 3XS,95176
HS3 1UQ,127259
HS7 4DF,187954
HS8 4WB,119850
HS7 1AK,114284
HS1 2LQ,224574
HS8 3RC,183197
HS8 8HU,174229
HS3 7AG,197540
HS0 1IN,151782
HS2 9DW,232323
HS0 0RW,166530
HS2 0OD,227154
HS8 0PO,191485
HS2 2MH,161557
HS8 5LQ,231801
HS6 5DK,224528
HS0 3XE,214354
HS8 2AI,190610
HS4 7UT,97914
HS7 8KB,113409
HS7 9WI,151720
HS1 2MH,127361
HS7 4LY,138228
HS1 5ZH,79390
HS3 4UU,141177
HS0 8XP,190148
HS2 2DW,123394
HS4 2OF,227368
HS1 7YF,209500
HS1 9OY,211115
HS1 3SC,200973
HS6 1LE,97469
HS8 0FP,132424
HS4 2PB,207214
HS4 9OE,82777
HS9 3AZ,227273
HS1 4JK,242896
HS7 1ZN,90717
HS3 5WV,140065
HS8 7YU,182308
HS1 6US,96931
HS6 6WL,247916
HS7 6ZA,184556
HS5 4TS,144609
HS4 7NP,106760
HS2 9AW,241588
HS8 2EW,93561
HS6 3KV,75252
HS9 1ID,220480
HS9 2ZI,81513
HS8 7KI,196620
HS9 6FJ,136140
HS6 1JW,78487
HS5 4UK,241095
HS6 5QZ,108787
HS7 8EL,222229
HS4 3FZ,217005
HS0 0TC,203464
HS6 8CJ,205427
HS1 2DS,112012
HS9 7GJ,140912
HS9 8GE,132340
HS4 2EY,147257
HS5 8TU,147855
HS9 3CB,235416
HS8 3UA,121842
HS9 9OY,119007
HS1 5CQ,227351
HS1 5VT,162721
HS6 9HC,161781
HS4 8ZR,87449
HS0 2PW,203415
HS9 5VJ,164223
HS7 9KJ,175006
HS0 1VC,227271
HS6 4YG,204189
HS3 6SA,191963
HS5 7IT,237824
HS6 0ER,96844
HS4 4CE,161705
HS8 7MU,230748
HS3 1OV,227838
HS6 3NZ,231900
HS5 8LY,172349
HS1 9UY,149698
HS4 6VN,138149
HS7 9DU,116995
HS1 3UM,214192
HS6 9IJ,160317
HS4 6JG,86452
HS2 5FX,93963
HS7 6NN,195667
HS3 3XR,207746
HS7 2NL,224345
HS3 2KP,245463
HS0 4MZ,115811
HS4 2ZW,168505
HS6 1IB,109574
HS0 3OJ,124018
HS8 5SW,224168
HS5 9GA,147002
HS1 9AP,128529
HS0 9QD,152833
HS4 8QT,190944
HS5 6MR,125159
HS4 0YJ,124808
HS7 3GH,161161
HS2 2BT,92462
HS0 7BK,143130
HS0 4OZ,121535
HS2 0FX,223247
HS6 1FQ,108954
HS0 0WQ,103672
HS0 4ZA,197678
HS5 0HO,84583
HS2 0OU,82268
HS9 5VO,91180
HS6 9WB,184555
HS7 8NG,222229
HS8 4BK,184703
HS0 9IJ,136930
HS2 5SP,138942
HS9 0SN,102450
HS6 6PH,229445
HS9 2CF,166984
HS1 2YN,191926
HS4 3JL,141812
HS5 1RC,85117
HS2 1MW,87125
HS4 1PI,176914
HS8 6AP,131672
HS1 9BR,243712
HS4 4TB,141864
HS9 8AS,249458
HS0 4DV,170470
HS9 1BC,101952
HS4 3IJ,152717
HS3 6RE,169646
HS2 7OT,224388
HS9 3AZ,181778
HS5 8MI,144963
HS6 1NF,199853
HS9 6PS,135550
HS1 7DP,147739
HS4 4HV,162519
HS6 7SL,163954
HS0 1MW,183691
HS9 4HZ,228501
HS2 7PQ,82149
HS1 5KE,224616
HS6 7RE,167733
HS9 2EL,216051
HS6 2LF,144623
HS5 1XE,152045
HS3 4MO,94429
HS3 7TQ,172364
HS4 9LP,96599
HS1 6JE,95793
HS3 7JR,125665
HS9 5II,213754
HS4 0UJ,189356
HS9 7NU,188367
HS1 2EM,199587
HS5 6UO,186037
HS4 3UH,142537
HS6 4JE,178418
HS5 6RE,216934
HS1 9DW,78996
HS1 9EM,235738
HS7 7EB,231246
HS3 1NR,86216
HS0 5FL,172226
HS3 1FC,158329
HS8 5MW,163008
HS7 2UJ,225869
HS0 3AG,189357
HS8 5PV,83628
HS2 4PK,240405
HS3 2MU,187718
HS4 3VF,185547
HS8 4IB,103774
HS9 5QB,245865
HS8 8RS,140240
HS5 9MC,195433
HS3 4FJ,86308
HS2 5CM,107511
HS3 8ML,180857
HS9 5XP,99879
HS5 8FD,121443
HS6 2SZ,247713
HS5 4JC,101585
HS9 6IM,207692
HS9 9YU,192963
HS1 1YC,232237
HS3 3IJ,248476
HS9 5UH,151026
HS4 8YA,219095
HS1 5GS,176647
HS6 4VE,163545
HS5 1MJ,131534
HS5 0ER,205157
HS8 7VN,99141
HS4 2DM,155728
HS2 0QQ,240350
HS1 6GG,97088
HS1 7RO,81077
HS1 7JC,90316
HS4 4SW,186903
HS6 1GP,242013
HS3 9OI,128736
HS9 6TR,201730
HS5 2LW,129473
HS4 1OS,187693
HS5 8NN,202647
HS2 5JS,145629
HS0 8BR,200468
HS4 7LL,118061
HS2 3BB,92504
HS7 0GD,182366
HS6 6UT,90558
HS7 0XA,196830
HS1 0AZ,106159
HS7 0YX,185170
HS0 6MA,221993
HS2 2CS,76978
HS4 3FO,233305
HS9 5ID,87115
HS7 9CW,229422
HS7 0QX,208587
HS0 2QK,202512
HS6 4EH,227561
HS1 4GE,114389
